PromptId,Category,Difficulty,Version,Question,Choice1,Choice2,Choice3,Choice4,CorrectChoice,Explanation
1,Knowledge and Confidence,1,1,Confidence comes from knowledge - what should you do to get confident?,Know the material expertly,Refresh the curriculum daily,None of the above,All of the above,4,"The best way to look good in an interview is to know your subject matter cold - that's what real confidence is actually built on, not just acting confident. But knowing the material is only half of it; your presentation of that knowledge matters just as much, and refreshing the curriculum daily is what keeps both sharp instead of fading before interview day."
2,Self-Presentation,1,1,How should you look for the interview?,Professional attire,"Bathed, neat appearance",None of the above,All of the above,4,"There's truth to the old adage that when you look good, you feel good - dressing well genuinely boosts your own confidence going in. But the bigger reason it matters is what it signals to the interviewer: showing up polished and put-together presents you as a professional from the very first second, before you've answered a single question."
3,Tech and Platform Readiness,1,1,What should you check before a virtual interview begins?,Camera and microphone working,Stable internet connection,None of the above,All of the above,4,"A dropped call or frozen video mid-answer has nothing to do with your qualifications, but it's what the interviewer remembers. Testing both ahead of time removes the single most common way a virtual interview gets derailed before it even gets going."
4,Room Readiness,1,1,What should your interview space look like?,Quiet with no interruptions,"A neutral, uncluttered background",None of the above,All of the above,4,A noisy or cluttered space competes with you for the interviewer's attention even when nobody says a word about it. A quiet room and a clean background both remove that distraction so the conversation stays focused on you.
5,Platform and Login Readiness,1,1,What should you confirm about the video platform before the interview?,The meeting link actually opens and logs you in,You're using an account name and photo that look professional,None of the above,All of the above,4,"A broken link or an unprofessional screen name creates a bad impression before the interview even starts. Both are easy to fix in advance with a two-minute test run, so there's no reason to find out either one is a problem live."
6,Materials on Hand,1,1,What should you have ready before the interview starts?,A copy of your resume and notes,A few thoughtful questions for the interviewer,None of the above,All of the above,4,"Having your own materials ready keeps you from fumbling mid-conversation, and bringing questions of your own signals you've actually thought about the role rather than just showing up to answer questions."
7,Opening Moments,1,1,How should you start the interview?,A clear greeting and brief introduction,"Making eye contact with the camera, not the screen",None of the above,All of the above,4,"The first thirty seconds set the tone for everything after it. A confident greeting paired with looking at the camera, not your own video preview, creates the impression of someone talking directly to the interviewer rather than around them."
8,Closing the Interview,1,1,What should you do as the interview wraps up?,Ask about next steps in the process,Thank the interviewer for their time,None of the above,All of the above,4,"Ending without a clear sense of what happens next leaves you guessing, and skipping a thank-you is an easy, low-cost way to leave a positive final impression. Both take seconds and cost nothing."
9,Follow-Up,1,1,What should you do after the interview ends?,Send a thank-you note within a day,Reflect on what went well and what to improve,None of the above,All of the above,4,"A prompt thank-you keeps you fresh in the interviewer's mind, and reviewing your own performance is how each interview makes the next one easier. Neither takes long, and skipping both wastes a chance to improve your odds next time."
